{
  "n_total": 5,
  "n_ok": 5,
  "n_fail": 0,
  "mae_cm": 6.491999999999999,
  "medae_cm": 4.299999999999997,
  "rmse_cm": 8.588496958141159,
  "bias_cm": -1.9280000000000002,
  "mape_pct": 16.06383752792853,
  "within_10pct": 40.0,
  "within_20pct": 60.0,
  "avg_latency_s": 11.360205221176148,
  "tag": "depth_pro__gtmask__nodist",
  "depth_model": "Apple Depth Pro",
  "depth_model_params_m": 350.0,
  "use_ref_distance": false,
  "use_gt_mask": true,
  "total_wall_s": 57.0,
  "out_csv": "benchmark_matrix\\depth_pro__gtmask__nodist.csv"
}