{
  "n_total": 5,
  "n_ok": 5,
  "n_fail": 0,
  "mae_cm": 4.552000000000004,
  "medae_cm": 3.620000000000001,
  "rmse_cm": 5.62700275457548,
  "bias_cm": 1.5040000000000007,
  "mape_pct": 10.737996624408561,
  "within_10pct": 40.0,
  "within_20pct": 100.0,
  "avg_latency_s": 11.23898105621338,
  "tag": "depth_pro__gtmask__refdist",
  "depth_model": "Apple Depth Pro",
  "depth_model_params_m": 350.0,
  "use_ref_distance": true,
  "use_gt_mask": true,
  "total_wall_s": 56.4,
  "out_csv": "benchmark_matrix\\depth_pro__gtmask__refdist.csv"
}