tag,model_key,depth_model,depth_model_params_m,mask_mode,dist_mode,n_total,n_ok,n_fail,mae_cm,medae_cm,rmse_cm,bias_cm,mape_pct,within_10pct,within_20pct,avg_latency_s,total_wall_s
da3_metric_large__gtmask__nodist,da3_metric_large,DA3 Metric Large,400.0,gtmask,nodist,5,5,0,4.662000000000001,4.170000000000002,5.881909553877888,-4.534000000000001,10.683888149455465,40.0,100.0,25.547256088256837,127.9
da3_metric_large__gtmask__refdist,da3_metric_large,DA3 Metric Large,400.0,gtmask,refdist,5,5,0,4.638000000000002,4.02,5.563497101643895,0.6259999999999998,12.027947563803593,40.0,100.0,25.301936864852905,126.7
da3_metric_large__nomask__nodist,da3_metric_large,DA3 Metric Large,400.0,nomask,nodist,5,5,0,20.316,17.340000000000003,24.838778552899896,-20.316,46.73969690005748,0.0,20.0,26.718672037124634,133.6
da3_metric_large__nomask__refdist,da3_metric_large,DA3 Metric Large,400.0,nomask,refdist,5,5,0,17.932,13.470000000000006,22.03495677327278,-17.932,42.7302141972226,0.0,0.0,25.327173805236818,126.6
unidepth_v2_l__gtmask__nodist,unidepth_v2_l,UniDepth V2 ViT-L,350.0,gtmask,nodist,5,5,0,7.987999999999999,9.060000000000002,8.368555430897258,6.692000000000001,24.83443032129886,20.0,40.0,13.939343023300172,69.9
unidepth_v2_l__gtmask__refdist,unidepth_v2_l,UniDepth V2 ViT-L,350.0,gtmask,refdist,5,5,0,3.8240000000000043,2.6000000000000014,4.699178651636907,1.4200000000000024,9.08342265665267,60.0,100.0,13.926296043395997,69.8
unidepth_v2_l__nomask__nodist,unidepth_v2_l,UniDepth V2 ViT-L,350.0,nomask,nodist,5,5,0,16.163999999999998,17.51,19.506895191188164,-15.839999999999998,36.56484910163641,20.0,20.0,17.768323802947997,88.9
unidepth_v2_l__nomask__refdist,unidepth_v2_l,UniDepth V2 ViT-L,350.0,nomask,refdist,5,5,0,19.046,20.23,20.390654231779813,-19.046,48.06708720982558,0.0,0.0,13.793454551696778,69.0
