{
  "n_total": 5,
  "n_ok": 5,
  "n_fail": 0,
  "mae_cm": 4.662000000000001,
  "medae_cm": 4.170000000000002,
  "rmse_cm": 5.881909553877888,
  "bias_cm": -4.534000000000001,
  "mape_pct": 10.683888149455465,
  "within_10pct": 40.0,
  "within_20pct": 100.0,
  "avg_latency_s": 25.547256088256837,
  "tag": "da3_metric_large__gtmask__nodist",
  "depth_model": "DA3 Metric Large",
  "depth_model_params_m": 400.0,
  "use_ref_distance": false,
  "use_gt_mask": true,
  "total_wall_s": 127.9,
  "out_csv": "benchmark_matrix_smoke2\\da3_metric_large__gtmask__nodist.csv"
}