{
  "n_total": 5,
  "n_ok": 5,
  "n_fail": 0,
  "mae_cm": 7.987999999999999,
  "medae_cm": 9.060000000000002,
  "rmse_cm": 8.368555430897258,
  "bias_cm": 6.692000000000001,
  "mape_pct": 24.83443032129886,
  "within_10pct": 20.0,
  "within_20pct": 40.0,
  "avg_latency_s": 13.939343023300172,
  "tag": "unidepth_v2_l__gtmask__nodist",
  "depth_model": "UniDepth V2 ViT-L",
  "depth_model_params_m": 350.0,
  "use_ref_distance": false,
  "use_gt_mask": true,
  "total_wall_s": 69.9,
  "out_csv": "benchmark_matrix_smoke2\\unidepth_v2_l__gtmask__nodist.csv"
}