{
  "n_total": 5,
  "n_ok": 5,
  "n_fail": 0,
  "mae_cm": 3.8240000000000043,
  "medae_cm": 2.6000000000000014,
  "rmse_cm": 4.699178651636907,
  "bias_cm": 1.4200000000000024,
  "mape_pct": 9.08342265665267,
  "within_10pct": 60.0,
  "within_20pct": 100.0,
  "avg_latency_s": 13.926296043395997,
  "tag": "unidepth_v2_l__gtmask__refdist",
  "depth_model": "UniDepth V2 ViT-L",
  "depth_model_params_m": 350.0,
  "use_ref_distance": true,
  "use_gt_mask": true,
  "total_wall_s": 69.8,
  "out_csv": "benchmark_matrix_smoke2\\unidepth_v2_l__gtmask__refdist.csv"
}