{
  "in_domain": {
    "box_map50": 0.937484558778734,
    "box_map": 0.748785197008723,
    "mask_map50": 0.9439906297806377,
    "mask_map": 0.7556787802745208
  },
  "xiang_external": {
    "box_map50": 0.574029749909504,
    "box_map": 0.32999392364543223,
    "mask_map50": 0.5863794591196079,
    "mask_map": 0.3521313986160673
  }
}